PRODUCT/CATEGORY,BRAND,OEM Website
MULTIMEDIA PROJECTORS,EPSON,https://www.epson.com/
MULTIMEDIA PROJECTORS,VIEWSONIC,https://www.viewsonic.com/
MULTIMEDIA PROJECTORS,BENQ,https://www.benq.com/
MULTIFUNCTION MACHINE,EPSON,https://www.epson.com/
MULTIFUNCTION MACHINE,CANON,https://global.canon/
MULTIFUNCTION MACHINE,HP,https://www.hp.com/
COMPUTER PRINTER,EPSON,https://www.epson.com/
COMPUTER PRINTER,CANON,https://global.canon/
COMPUTER PRINTER,HP,https://www.hp.com/
A3 SIZE XEROX MACHINE,EPSON,https://www.epson.com/
A3 SIZE XEROX MACHINE,CANON,https://global.canon/
A3 SIZE XEROX MACHINE,HP,https://www.hp.com/
SCANNER,EPSON,https://www.epson.com/
SCANNER,CANON,https://global.canon/
SCANNER,HP,https://www.hp.com/
BARCODE PRINTER,EPSON,https://www.epson.com/
DESKTOP,HP,https://www.hp.com/
DESKTOP,ACER,https://www.acer.com/
WORKSTATION,HP,https://www.hp.com/
WORKSTATION,ACER,https://www.acer.com/
ALL IN ONE,HP,https://www.hp.com/
ALL IN ONE,ACER,https://www.acer.com/
COMPUTER WORKSTATION,HP,https://www.hp.com/
COMPUTER WORKSTATION,ACER,https://www.acer.com/
LAPTOP WORKSTATION,HP,https://www.hp.com/
LAPTOP WORKSTATION,ACER,https://www.acer.com/
LAPTOP,HP,https://www.hp.com/
LAPTOP,ACER,https://www.acer.com/
LINE INTERACTIVE UPS,VERTIV,https://www.vertiv.com/
LINE INTERACTIVE UPS,ARTIS,https://www.artis.in/
LINE INTERACTIVE UPS,ELNOVA,https://www.elnova.in/
ONLINE UPS,VERTIV,https://www.vertiv.com/
ONLINE UPS,ARTIS,https://www.artis.in/
ONLINE UPS,ELNOVA,https://www.elnova.in/
AIR CONDITIONER,ACER,https://www.acer.com/
AIR CONDITIONER,LG,https://www.lg.com/
TV,ACER,https://www.acer.com/
TV,LG,https://www.lg.com/
REFRIGERATOR,LG,https://www.lg.com/
WASHING MACHINE,LG,https://www.lg.com/
OEM/COMPATIBLE CARTRIDGES,EPSON,https://www.epson.com/
OEM/COMPATIBLE CARTRIDGES,CANON,https://global.canon/
OEM/COMPATIBLE CARTRIDGES,LAPCARE,https://www.lapcare.com/
ANTIVIRUS & END POINT PROTECTION,QUICK HEAL,https://www.quickheal.com/
ANTIVIRUS & END POINT PROTECTION,SEQRITE,https://www.seqrite.com/
ANTIVIRUS & END POINT PROTECTION,VIBRANIUM,https://www.quickheal.com/vibranium
COMPUTER MONITOR,ACER,https://www.acer.com/
COMPUTER MONITOR,HP,https://www.hp.com/
COMPUTER MONITOR,LAPCARE,https://www.lapcare.com/
KEYBOARD MOUSE,HP,https://www.hp.com/
KEYBOARD MOUSE,DELL,https://www.dell.com/
KEYBOARD MOUSE,LAPCARE,https://www.lapcare.com/
SERVER,ACER,https://www.acer.com/
SERVER,HP,https://www.hp.com/
INTERACTIVE PANEL,EPSON,https://www.epson.com/
INTERACTIVE PANEL,VIEWSONIC,https://www.viewsonic.com/
INTERACTIVE PANEL,TITLE,https://www.title-interactive.com/
INTERACTIVE PANEL,DELTA,https://www.deltaww.com/
